{
    "color_scheme": "light",
    "language": "de",
    "markersize": 1.5999999999999994,
    "linewidth": 1.7999999999999998,
    "normalize": 1,
    "zoom": 1,
    "fullscreen": false,
    "halfview": false,
    "colors": [
        "#009F6B",
        "#C40233",
        "#00008B",
        "#BCA136",
        "#654321"
    ]
}