{
    "color_scheme": "light",
    "language": "de",
    "markersize": 0.19999999999999962,
    "linewidth": 0.6000000000000001,
    "normalize": 1,
    "zoom": 1,
    "fullscreen": false,
    "halfview": false,
    "default_colors": [
        "#009F6B",
        "#C40233",
        "#00008B",
        "#BCA136",
        "#654321"
    ],
    "colors": [
        "#C40233",
        "#009F6B",
        "#00008B",
        "#BCA136",
        "#654321"
    ]
}